{
    "0.0": 0.38172849531527536,
    "0.16666666666666666": 0.2896182176031682,
    "0.3333333333333333": 0.12936088478106503,
    "0.5": 0.04180993631923193,
    "0.6666666666666666": 0.016843778120931595,
    "0.8333333333333333": 0.011503206529745617,
    "1.0": 0.010025138615846928,
    "1.1666666666666665": 0.008342966908047604,
    "1.3333333333333333": 0.006825091029214162,
    "1.5": 0.006338723806022786,
    "1.6666666666666665": 0.0073535306046572935,
    "1.8333333333333333": 0.010399149533182796,
    "2.0": 0.012093989617806779,
    "2.1666666666666665": 0.009101577353073896,
    "2.333333333333333": 0.004808021550460201,
    "2.5": 0.0028424740756525855,
    "2.6666666666666665": 0.0024596288257941975,
    "2.833333333333333": 0.0023527811451356305,
    "3.0": 0.0022826454001430734,
    "3.1666666666666665": 0.002254919586129643,
    "3.333333333333333": 0.0023551073828130304,
    "3.5": 0.0026302758143670665,
    "3.6666666666666665": 0.003092677095448489,
    "3.833333333333333": 0.0037582408472052434,
    "4.0": 0.004078096491091818,
    "4.166666666666666": 0.0034381980561771497,
    "4.333333333333333": 0.0022744402984652182,
    "4.5": 0.0014647283948941076,
    "4.666666666666666": 0.0012249187218979273,
    "4.833333333333333": 0.0012296288382701596,
    "5.0": 0.0012390318539398184,
    "5.166666666666666": 0.0012738019761329292,
    "5.333333333333333": 0.0014314419566225968,
    "5.5": 0.0015824335389804395,
    "5.666666666666666": 0.0016176053513355959,
    "5.833333333333333": 0.0017212602098811297,
    "6.0": 0.0017443564261788768,
    "6.166666666666666": 0.0013321042956151502,
    "6.333333333333333": 0.0007988018046028283,
    "6.5": 0.0005692969839176313,
    "6.666666666666666": 0.0004722261843869406,
    "6.833333333333333": 0.0002948873639393077,
    "7.0": 0.00017206660538929218,
    "7.166666666666666": 0.00019431604570705694,
    "7.333333333333333": 0.00022472310843222774,
    "7.5": 0.0001572575017881125,
    "7.666666666666666": 6.725842353258446e-05,
    "7.833333333333333": 4.8880424512640785e-05,
    "8.0": 0.00011694449747229996,
    "8.166666666666666": 0.00020782485290061318,
    "8.333333333333332": 0.00020960739589730759,
    "8.5": 0.000131212804823651,
    "8.666666666666666": 0.00010458365484310894,
    "8.833333333333332": 0.00017263182656755206,
    "9.0": 0.00022397625138486813
}