{
    "0": 0.0027397260273972603,
    "1": 0.0027397260273972603,
    "2": 0.0027397260273972603,
    "3": 0.0009132420091324201,
    "4": 0.0009132420091324201,
    "5": 0.0027397260273972603,
    "6": 0.3287671232876712,
    "7": 0.7598173515981735,
    "8": 0.05114155251141553,
    "9": 0.017351598173515982,
    "10": 0.031050228310502283,
    "11": 0.1232876712328767,
    "12": 0.024657534246575342,
    "13": 0.019178082191780823,
    "14": 0.038356164383561646,
    "15": 0.0136986301369863,
    "16": 0.015525114155251141,
    "17": 0.0073059360730593605,
    "18": 0.0228310502283105,
    "19": 0.24383561643835616,
    "20": 0.05662100456621005,
    "21": 0.014611872146118721,
    "22": 0.0027397260273972603,
    "23": 0.005479452054794521
}